Klantnr;Naam;Artikelnr;Verp;Inh;Eh;Omschrijving;Aantal;Prijs;Omzet;Factuursplitsing;Ean;Biologisch;Dierenwelzijn;Goede Vis MSC;Gezonde Keuze;Fair trade;Rainsforrest alliance;UTZ;Milieubewust;Veggie;Streekproducten;Vegan;
208758;SUNSEA BAR            W.I;0100008;ds;24;fl;BigTom tomatensap rich&spicy 25cl;4,000;27,06;108,22;Dranken laag;5020934412514;;;;;;;;;;;
208758;SUNSEA BAR            W.I;0106535;tr;6;st;Schulp appelsap 75cl;8,000;6,86;54,91;Dranken laag;8716213000073;;;;;;;;;;;
208758;SUNSEA BAR            W.I;0106585;tr;6;st;Schulp appel/vlierbessensap 75cl;3,000;8,89;26,67;Dranken laag;8716213000226;;;;;;;;;;;
208758;SUNSEA BAR            W.I;0107947;ds;12;fl;Landsbest ap.sap 250ml NL-BIO-01;86,000;11,42;982,08;Dranken laag;8714363751302;Ja;;;;;;;;;;
208758;SUNSEA BAR            W.I;0200543;ds;24;fl;Sol bier 33cl;9,000;26,00;234,00;Dranken hoog;7501049948924;;;;;;;;;;;
208758;SUNSEA BAR            W.I;0230095;tr;24;fl;Heineken twist off 25cl;10,000;20,15;201,50;Dranken hoog;8712000030964;;;;;;;;;;;
208758;SUNSEA BAR            W.I;0250738;ds;24;fl;Desperado wegwerp 33cl;5,000;30,00;150,00;Dranken hoog;3155930400530;;;;;;;;;;;
208758;SUNSEA BAR            W.I;0271370;vt;20;lt;Brand weizener 20lt all in one;1,000;107,78;107,78;Dranken hoog;8712000046507;;;;;;;;;;;
208758;SUNSEA BAR            W.I;0281296;fl;70;cl;Monin mango;3,000;5,88;17,64;Dranken laag;3052910055226;;;;;;;;;;;
208758;SUNSEA BAR            W.I;0281311;fl;70;cl;Monin vanille;3,000;6,27;18,81;Bonensappen;3052910056469;;;;;;;;;;;
208758;SUNSEA BAR            W.I;0281337;fl;70;cl;Monin caramel;8,000;5,96;47,68;Bonensappen;3052910006907;;;;;;;;;;;
208758;SUNSEA BAR            W.I;0281402;fl;70;cl;Monin noisette (hazelnoot);1,000;6,40;6,40;Bonensappen;3052910055325;;;;;;;;;;;
208758;SUNSEA BAR            W.I;0281478;fl;70;cl;Monin witte chocolade;2,000;6,27;12,54;Bonensappen;3052910018931;;;;;;;;;;;
208758;SUNSEA BAR            W.I;0281642;fl;70;cl;Monin hazelnoot suikervrij SV;3,000;5,99;17,97;Dranken laag;3052910041175;;;;;;;;;;;
208758;SUNSEA BAR            W.I;0299364;ds;12;pk;Chocomel vol pak 1ltr UTZ;2,000;21,77;43,54;Dranken laag;;;;;;;;Ja;;;;
208758;SUNSEA BAR            W.I;0299504;kr;24;fl;Fristi drinkyoghurt 20cl;2,000;15,89;31,78;Dranken laag;87124255;;;;;;;;;;;
208758;SUNSEA BAR            W.I;0503963;fl;100;cl;Bootz rum dark 1lt.;4,000;12,67;50,68;Dranken hoog;8716000955944;;;;;;;;;;;
208758;SUNSEA BAR            W.I;1003008;pk;1;lt;Campina karnemelk pak;18,000;1,55;27,90;Dranken laag;8712800001195;;;;Ja;;;;;;;
208758;SUNSEA BAR            W.I;1003024;pk;1;lt;Campina halfvolle melk pak 702929;50,000;1,34;67,08;Dranken laag;8712800001164;;;;;;;;;;;
208758;SUNSEA BAR            W.I;1003206;pk;1;lt;Campina slagroom 40% ONGEZOET;248,000;4,80;1190,40;keuken ingred.;8712800001232;;;;;;;;;;;
208758;SUNSEA BAR            W.I;1003269;tr;6;fl;Campina slagroom roy.spray 225gr;3,000;14,35;43,05;Dranken laag;8712800545279;;;;;;;;;;;
208758;SUNSEA BAR            W.I;1004465;pk;1;lt;Zuivelmeester halfvolle melk;14,000;1,45;20,30;Dranken laag;;;;;;;;;;;;
208758;SUNSEA BAR            W.I;1030311;tr;12;pk;Naarmann volle melk houdbaar 1lt;1,000;16,30;16,30;keuken ingred.;6540000070404;;;;;;;;;;;
208758;SUNSEA BAR            W.I;1040089;tr;12;bl;Fr. vlag gecondens.melk 397ml;8,000;22,03;176,24;keuken ingred.;8716200027120;;;;;;;;;;;
208758;SUNSEA BAR            W.I;1040120;ds;6;pk;Oatly havermelk edition 1lt;15,000;12,40;186,00;keuken ingred.;27394376616505;;;;;;;;;;;
208758;SUNSEA BAR            W.I;1040196;em;5;lt;Apostels yoghurt grieks;32,000;10,29;329,24;keuken ingred.;4000832301104;;;;;;;;;;;
208758;SUNSEA BAR            W.I;1045211;em;1;lt;Konings griekse yoghurt 10%;2,000;2,60;5,20;keuken ingred.;8716376000705;;;;;;;;;;;
208758;SUNSEA BAR            W.I;1050004;pk;1;lt;Zuivelmeester halfvolle melk;73,000;1,29;94,17;Diversen;8710624294540;;;;;;;;;;;
208758;SUNSEA BAR            W.I;2000248;pk;1;kg;Gilse kristalsuiker;55,000;1,31;72,30;keuken ingred.;8710437000031;;;;;;;;;;;
208758;SUNSEA BAR            W.I;2001262;em;5;kg;La baleine zeezout grof;9,000;6,60;59,44;keuken ingred.;3183280004702;;;;;;;;;;;
208758;SUNSEA BAR            W.I;2001428;si;70;st;Oordt hagelslag melk 10gr;6,000;8,02;48,12;keuken ingred.;8710348167717;;;;;;;;;;;
208758;SUNSEA BAR            W.I;2001527;zk;600;gr;Gilse donkere basterdsuiker;7,000;0,96;6,70;keuken ingred.;8710437003223;;;;;;;;;;;
208758;SUNSEA BAR            W.I;2001668;bs;250;gr;Gilse poedersuiker;62,000;0,81;50,36;keuken ingred.;8710437004626;;;;;;;;;;;
208758;SUNSEA BAR            W.I;2003002;pt;900;gr;Ekoland bloemhoning vlb NL-BIO-01;4,000;6,95;27,80;keuken ingred.;8711812434731;Ja;;;;;;;;;;
208758;SUNSEA BAR            W.I;2005248;fl;500;gr;Lencke bloemenhoning knijpfles;42,000;4,07;171,09;keuken ingred.;8719033205239;;;;;;;;;;;
208758;SUNSEA BAR            W.I;2005298;ds;100;st;Melvita honing sticks 8gr;2,000;16,09;32,18;keuken ingred.;8710348196090;;;;;;;;;;;
208758;SUNSEA BAR            W.I;2005355;ds;120;st;Lencke honingsticks 8gr;4,000;14,25;56,98;keuken ingred.;8719033204577;;;;;;;;;;;
208758;SUNSEA BAR            W.I;2017574;pk;250;gr;Droste cacao poeder;3,000;3,10;9,30;keuken ingred.;8715675101601;;;;;;;;;;;
208758;SUNSEA BAR            W.I;2018209;zk;2500;gr;Callebaut choc. callets puur 811;7,000;21,35;149,48;keuken ingred.;5410522513257;;;;;;;;;;;
208758;SUNSEA BAR            W.I;2018225;zk;2500;gr;Callebaut choco. callets wit CW2;3,000;25,62;76,86;overig laag;5410522515435;;;;;;;;;;;
208758;SUNSEA BAR            W.I;2032415;tr;2;pt;Kroon augurk cornichon 2650ml;4,000;15,35;61,40;keuken ingred.;8710669231319;;;;;;;;;;;
208758;SUNSEA BAR            W.I;2034669;bl;400;gr;Fiorino rode kidney bonen;2,000;0,57;1,14;keuken ingred.;8003635555565;;;;;;;;;;;
208758;SUNSEA BAR            W.I;2034809;bl;326;gr;Key maiskorrels zoet vacuum;2,000;0,59;1,18;keuken ingred.;8710563445768;;;;;;;;;;;
208758;SUNSEA BAR            W.I;2034817;bl;3000;gr;Key mais korrels zoet vacuum;30,000;4,93;147,90;keuken ingred.;8710563446000;;;;;;;;;;;
208758;SUNSEA BAR            W.I;2035443;tr;12;bl;Bond.crispy maiskorrels 212ml;1,000;12,34;12,34;keuken ingred.;3083680597562;;;;;;;;;;;
208758;SUNSEA BAR            W.I;2035708;bl;3;lt;Bond.maiskorrels crispy;264,000;7,27;1918,50;keuken ingred.;3083680053761;;;;;;;;;;;
208758;SUNSEA BAR            W.I;2037308;tr;3;bl;Nestor appelmoes 4250gr;2,000;19,28;38,56;keuken ingred.;8715821001205;;;;;;;;;;;
208758;SUNSEA BAR            W.I;2037340;tr;12;bl;Nestor appelmoes 1lt;3,000;19,99;59,96;keuken ingred.;8715821001182;;;;;;;;;;;
208758;SUNSEA BAR            W.I;2037655;bl;2500;gr;Hnz tomatenconcassee spec.;17,000;9,85;167,53;keuken ingred.;8714700017238;;;;;;;;;;;
208758;SUNSEA BAR            W.I;2037671;pk;2;lt;Hnz tomato frito basis voor saus;26,000;3,40;88,36;keuken ingred.;8410066123742;;;;;;;;;;;
208758;SUNSEA BAR            W.I;2038009;pt;890;gr;Avila amarena kersen op siroop;6,000;6,31;37,86;keuken ingred.;5411506170459;;;;;;;;;;;
208758;SUNSEA BAR            W.I;2038059;pt;720;gr;Avila kappertjes surfines;61,000;5,04;307,69;keuken ingred.;5411506854731;;;;;;;;;;;
208758;SUNSEA BAR            W.I;2044238;tr;6;bl;Soleggiato tom.puree 28/30% 800gr;3,000;11,39;34,16;keuken ingred.;8719033201255;;;;;;;;;;;
208758;SUNSEA BAR            W.I;2051126;pt;500;gr;Fortunati truffelsalsa;25,000;13,38;334,55;keuken ingred.;8004732000538;;;;;;;;;;;
208758;SUNSEA BAR            W.I;2051390;em;1550;gr;Delicias cornichons augurkjes;1,000;5,29;5,29;keuken ingred.;8410182450258;;;;;;;;;;;
208758;SUNSEA BAR            W.I;2060185;fl;189;ml;Citadelle canadian maple syrup;3,000;5,93;17,79;keuken ingred.;3024090201892;;;;;;;;;;;
208758;SUNSEA BAR            W.I;2060317;kf;120;cp;Nutella chocoladepasta 15gr;3,000;21,90;65,70;keuken ingred.;8000500106877;;;;;;;;;;;
208758;SUNSEA BAR            W.I;2064012;fl;500;ml;Langnese bee easy honing;4,000;8,20;32,80;keuken ingred.;4023300738202;;;;;;;;;;;
208758;SUNSEA BAR            W.I;2119114;bl;600;gr;Deepblue ansjovis gestrekt;10,000;8,44;84,42;Vis;8710535148703;;;;;;;;;;;
208758;SUNSEA BAR            W.I;2119156;bl;1705;gr;Deepblue tonijn in zonnebl.olie;107,000;10,71;1146,04;Vis;8710535002203;;;;;;;;;;;
208758;SUNSEA BAR            W.I;2130087;ds;50;st;Yama geroost.zeewiervellen 140gr;1,000;10,01;10,01;keuken ingred.;8717545891414;;;;;;;;;;;
208758;SUNSEA BAR            W.I;2130095;bl;200;gr;Royal mail groene peperkorrels;70,000;2,04;142,74;keuken ingred.;8710863717787;;;;;;;;;;;
208758;SUNSEA BAR            W.I;2131960;fl;550;gr;Smoky mountain american mustard;42,000;4,25;178,69;keuken ingred.;8719327071212;;;;;;;;;;;
208758;SUNSEA BAR            W.I;2132356;pt;450;gr;Bresc harissa VGN;21,000;5,05;105,99;keuken ingred.;8712698120978;;;;;;;;;Ja;;Ja
208758;SUNSEA BAR            W.I;2132679;bs;280;gr;Verst.oregano gemalen;1,000;10,35;10,35;keuken ingred.;8712200090508;;;;;;;;;;;
208758;SUNSEA BAR            W.I;2132744;bs;200;gr;Verstegen rozemarijn heel;1,000;5,90;5,90;keuken ingred.;8712200096609;;;;;;;;;;;
208758;SUNSEA BAR            W.I;2132760;bs;260;gr;Verst.rozemarijn gemalen;1,000;6,79;6,79;keuken ingred.;8712200096500;;;;;;;;;;;
208758;SUNSEA BAR            W.I;2133031;bs;400;gr;Verst.komijnzaad heel;3,000;9,26;27,78;keuken ingred.;8712200081605;;;;;;;;;;;
208758;SUNSEA BAR            W.I;2133073;bs;460;gr;Verst.komijnzaad gemalen;7,000;12,72;89,04;keuken ingred.;8712200081506;;;;;;;;;;;
208758;SUNSEA BAR            W.I;2134039;bs;500;gr;Verstegen paprika poeder pure;5,000;11,87;59,37;keuken ingred.;8712200092595;;;;;;;;;;;
208758;SUNSEA BAR            W.I;2134063;bs;850;gr;Verst.grillkruiden met zout;9,000;15,14;136,26;keuken ingred.;8712200053107;;;;;;;;;;;
208758;SUNSEA BAR            W.I;2134089;bs;240;gr;Verst.gerookte paprika poeder;15,000;7,53;112,97;keuken ingred.;8712200973450;;;;;;;;;;;
208758;SUNSEA BAR            W.I;2134120;bs;500;gr;Verstegen kerriepoeder zonderzout;3,000;13,17;39,51;keuken ingred.;8712200020000;;;;;;;;;;;
208758;SUNSEA BAR            W.I;2134203;bs;900;gr;Verst.kruidenmix cajun zout;2,000;13,99;27,98;keuken ingred.;8712200053008;;;;;;;;;;;
208758;SUNSEA BAR            W.I;2134279;bs;340;gr;Verst.kardemon heel;2,000;18,97;37,94;keuken ingred.;8712200065698;;;;;;;;;;;
208758;SUNSEA BAR            W.I;2134352;tb;43;gr;Kinjirushi wasabi pasta gold VGN;33,000;1,62;53,46;keuken ingred.;14967825856300;;;;;;;;;;;Ja
208758;SUNSEA BAR            W.I;2134394;tb;43;gr;Wasabi pasta (mierikswortel) neri;10,000;1,48;14,84;keuken ingred.;;;;;;;;;;;;
208758;SUNSEA BAR            W.I;2134659;bs;580;gr;Verst.peper zwart lampong heel;3,000;18,38;55,14;keuken ingred.;8712200093608;;;;;;;;;;;
208758;SUNSEA BAR            W.I;2134815;bs;540;gr;Verst.bourguignonne melange pure;1,000;9,80;9,80;keuken ingred.;8712200566478;;;;;;;;;;;
208758;SUNSEA BAR            W.I;2135029;bs;300;gr;Verst.provencaalse kruiden;2,000;13,72;27,44;keuken ingred.;8712200029706;;;;;;;;;;;
208758;SUNSEA BAR            W.I;2135970;bs;500;gr;Apollo chillipoeder usa;2,000;7,68;15,36;keuken ingred.;8713056003926;;;;;;;;;;;
208758;SUNSEA BAR            W.I;2136861;cn;12;kg;Wijko ketjap manis zoet;9,000;37,82;340,34;keuken ingred.;8711171124809;;;;;;;;;;;
208758;SUNSEA BAR            W.I;2140135;bs;150;gr;Apollo kaneelpijpjes;1,000;11,32;11,32;keuken ingred.;8713056003483;;;;;;;;;;;
208758;SUNSEA BAR            W.I;2140490;zk;1;kg;Apollo peper wit gemalen;1,000;22,27;22,27;keuken ingred.;8713056000109;;;;;;;;;;;
208758;SUNSEA BAR            W.I;2140755;bs;600;gr;Apollo knoflookpeper;2,000;9,52;19,04;keuken ingred.;8713056055611;;;;;;;;;;;
208758;SUNSEA BAR            W.I;2141951;pt;750;gr;Conimex sambal badjak;16,000;7,67;122,77;keuken ingred.;8714100419045;;;;;;;;;;;
208758;SUNSEA BAR            W.I;2142561;pt;400;gr;Mae ploy green curry pasta;1,000;2,15;2,15;keuken ingred.;44738102353;;;;;;;;;;;
208758;SUNSEA BAR            W.I;2144088;pk;1;kg;Zout;42,000;0,44;18,48;keuken ingred.;;;;;;;;;;;;
208758;SUNSEA BAR            W.I;2146034;zk;500;gr;Go-tan gebakken uitjes;34,000;2,33;79,08;keuken ingred.;8710605030884;;;;;;;;;;;
208758;SUNSEA BAR            W.I;2146141;ds;12;zk;Conimex cassave kroepoek 75gr;5,000;14,10;70,48;keuken ingred.;8711200455553;;;;;;;;;;;
208758;SUNSEA BAR            W.I;2146175;pf;1;lt;Kikkoman sojasaus;21,000;4,89;102,71;keuken ingred.;8715035110809;;;;;;;;;;;
208758;SUNSEA BAR            W.I;2146216;em;3;kg;Yama teriyaki mirin sauce;1,000;17,95;17,95;keuken ingred.;8717262100356;;;;;;;;;;;
208758;SUNSEA BAR            W.I;2146224;em;3;kg;Yama japanse sesam saus;14,000;17,57;245,91;keuken ingred.;8717262101230;;;;;;;;;;;
208758;SUNSEA BAR            W.I;2146274;pt;80;gr;Wasabi furikake rijsttopping;24,000;5,88;141,08;keuken ingred.;4901509901040;;;;;;;;;;;
208758;SUNSEA BAR            W.I;2146307;fl;210;ml;Kewpie roasted sesame dressing;6,000;3,42;20,52;keuken ingred.;8852022032604;;;;;;;;;;;
208758;SUNSEA BAR            W.I;2146323;pk;1;lt;Kara kokosroom;5,000;3,43;17,15;keuken ingred.;8886303211006;;;;;;;;;;;
208758;SUNSEA BAR            W.I;2146365;fl;360;ml;Sushi seasoning (sushivengar);6,000;2,92;17,52;keuken ingred.;4970285072060;;;;;;;;;;;
208758;SUNSEA BAR            W.I;2146373;pk;1;lt;Kara kokosmelk classic;6,000;2,90;17,40;keuken ingred.;8886303241003;;;;;;;;;;;
208758;SUNSEA BAR            W.I;2146406;pt;55;gr;Yama furikake seto fumi;5,000;5,12;25,60;keuken ingred.;49746112;;;;;;;;;;;
208758;SUNSEA BAR            W.I;2146597;fl;1;lt;Go-tan wok essentials teriyaki;3,000;5,56;16,68;keuken ingred.;8710605020540;;;;;;;;;;;
208758;SUNSEA BAR            W.I;2146654;pk;750;gr;Go-tan santen cream.coconut 5x15;22,000;6,81;149,89;keuken ingred.;;;;;;;;;;;;
208758;SUNSEA BAR            W.I;2147305;zk;1;kg;Go-tan seroendeng;16,000;7,34;117,47;keuken ingred.;8710605030808;;;;;;;;;;;
208758;SUNSEA BAR            W.I;2147347;bs;450;gr;Conimex seroendeng 450gr;2,000;8,31;16,62;keuken ingred.;8714100460092;;;;;;;;;;;
208758;SUNSEA BAR            W.I;2147587;pk;500;gr;Lucullus kroepoek udang sidoardje;10,000;5,47;54,70;keuken ingred.;8710853152703;;;;;;;;;;;
208758;SUNSEA BAR            W.I;2151124;cn;2;lt;Debic slagroom met suiker;8,000;12,33;98,64;keuken ingred.;5410488822073;;;;;;;;;;;
208758;SUNSEA BAR            W.I;2151174;bs;700;ml;Debic slagroom spuitbus;163,000;6,47;1054,28;Bonensappen;5410488140351;;;;;;;;;;;
208758;SUNSEA BAR            W.I;2151182;cn;5;lt;Debic slagroom met suiker;2,000;30,34;60,68;keuken ingred.;8712800168201;;;;;;;;;;;
208758;SUNSEA BAR            W.I;2151306;fl;1;lt;Debic slagroom met suiker;64,000;5,42;346,88;keuken ingred.;5410488821946;;;;;;;;;;;
208758;SUNSEA BAR            W.I;2160133;pf;1;lt;Nestor gembersiroop;16,000;5,73;91,62;keuken ingred.;8715821000086;;;;;;;;;;;
208758;SUNSEA BAR            W.I;2160414;zk;3;kg;Cecco penne rigate sfuse nr.41;2,000;10,85;21,70;keuken ingred.;8001250180414;;;;;;;;;;;
208758;SUNSEA BAR            W.I;2160464;pk;1;kg;Farina per polenta maismeel;12,000;1,14;13,68;keuken ingred.;8031776000132;;;;;;;;;;;
208758;SUNSEA BAR            W.I;2160589;fl;350;ml;Ilhenny tabasco rood pepersaus;9,000;9,93;89,35;keuken ingred.;11210135802;;;;;;;;;;;
208758;SUNSEA BAR            W.I;2168674;fl;568;ml;Lea perrins worcestershiresaus;17,000;6,88;117,00;keuken ingred.;5000111018111;;;;;;;;;;;
208758;SUNSEA BAR            W.I;2181105;fl;150;ml;Lea en perrins worcestershiresaus;4,000;1,55;6,20;keuken ingred.;5000111041010;;;;;;;;;;;
208758;SUNSEA BAR            W.I;2300937;bs;1000;gr;Knorr roux bruin VGN/LCV;3,000;8,71;26,13;keuken ingred.;8711100637035;;;;;;;;;Ja;;Ja
208758;SUNSEA BAR            W.I;2301307;fl;1;lt;Chef champignonsfond geconcentr.;8,000;17,91;143,25;keuken ingred.;7613035849129;;;;;;;;;;;
208758;SUNSEA BAR            W.I;2301505;bs;1;kg;Knorr bospaddestoelenbouillonpdr.;1,000;23,65;23,65;keuken ingred.;8722700648840;;;;;;;;;;;
208758;SUNSEA BAR            W.I;2301589;bs;1;kg;Knorr runderbouillon authentiek;1,000;21,95;21,95;keuken ingred.;8722700648048;;;;;;;;;;;
208758;SUNSEA BAR            W.I;2301711;bs;1;kg;Knorr groentebouillonpoeder;5,000;18,54;92,70;keuken ingred.;8714100843413;;;;;;;;;;;
208758;SUNSEA BAR            W.I;2301753;bs;1475;gr;Knorr demi-glacesaus;1,000;19,58;19,58;keuken ingred.;8711100419518;;;;;;;;;;;
208758;SUNSEA BAR            W.I;2301761;bs;1350;gr;Knorr espagnole saus;2,000;17,98;35,96;keuken ingred.;8712566128624;;;;;;;;;;;
208758;SUNSEA BAR            W.I;2301810;bs;850;gr;Knorr visbouillonpoeder(authent);1,000;16,63;16,63;keuken ingred.;8712566308545;;;;;;;;;;;
208758;SUNSEA BAR            W.I;2306365;fl;1;lt;Debic bakken en braden fles;147,000;5,95;874,68;keuken ingred.;5410488823230;;;;;;;;;;;
208758;SUNSEA BAR            W.I;2306381;bs;1;kg;Knorr maizena express blank;9,000;7,30;65,68;keuken ingred.;8711100680116;;;;;;;;;;;
208758;SUNSEA BAR            W.I;2307339;fl;810;ml;Maggi vloeibare aroma no 5;1,000;6,45;6,45;keuken ingred.;8715000030057;;;;;;;;;;;
208758;SUNSEA BAR            W.I;2310126;ds;9;lt;Levo mosterd packzak 3x3lt;1,000;14,89;14,89;keuken ingred.;8712154024697;;;;;;;;;;;
208758;SUNSEA BAR            W.I;2310217;ds;10;lt;Levo ketchup packzak 2x5lt;14,000;17,78;248,85;keuken ingred.;8712154108892;;;;;;;;;;;
208758;SUNSEA BAR            W.I;2310457;em;10;lt;Oliehoorn mayonaise 80%;176,000;18,49;3254,60;keuken ingred.;8713277919006;;;;;;;;;;;
208758;SUNSEA BAR            W.I;2310762;em;5;kg;Zaanse mosterd de Huisman(grof);2,000;9,83;19,66;keuken ingred.;8711281010054;;;;;;;;;;;
208758;SUNSEA BAR            W.I;2310928;fl;1;lt;Lucullus chilli sauce sweet hot;52,000;2,47;128,26;keuken ingred.;8710853010508;;;;;;;;;;;
208758;SUNSEA BAR            W.I;2311140;em;10;lt;Remia mayonaise original 80% GLV;1,000;22,75;22,75;keuken ingred.;8710448191551;;;;;;;;;;;
208758;SUNSEA BAR            W.I;2311158;ds;10;lt;Levo mayonaise 80% packzak 2x5lt;2,000;16,30;32,60;keuken ingred.;8712154028886;;;;;;;;;;;
208758;SUNSEA BAR            W.I;2311843;cn;2100;gr;Smoky mount. sweet pickled relish;28,000;8,60;240,76;keuken ingred.;8711648070059;;;;;;;;;;;
208758;SUNSEA BAR            W.I;2311926;fl;200;ml;Sriracha hot chilli sauce;47,000;1,80;84,81;keuken ingred.;8853662056005;;;;;;;;;;;
208758;SUNSEA BAR            W.I;2313782;em;12;kg;Vhc/Prima satesaus pasta 12kg;29,000;32,80;951,11;keuken ingred.;8717278596013;;;;;;;;;;;
208758;SUNSEA BAR            W.I;2314300;tb;800;ml;Remia curry ketchup tube GLV;1,000;3,12;3,12;keuken ingred.;8710448632191;;;;;;;;;;;
208758;SUNSEA BAR            W.I;2315093;em;3;kg;Wijko tacosaus;10,000;9,78;97,77;keuken ingred.;8711171420642;;;;;;;;;;;
208758;SUNSEA BAR            W.I;2316405;pk;1;lt;Garde d'or champignonsaus;36,000;5,63;202,84;keuken ingred.;8710847200113;;;;;;;;;;;
208758;SUNSEA BAR            W.I;2316439;pk;1;lt;Garde d'or bruine pepersaus;137,000;5,67;776,61;keuken ingred.;8710847200212;;;;;;;;;;;
208758;SUNSEA BAR            W.I;2316489;tb;850;ml;Gouda's gl.curry gewurz GLV;6,000;2,53;15,18;keuken ingred.;8722100028112;;;;;;;;;;;
208758;SUNSEA BAR            W.I;2316629;pk;1;lt;Garde d'or rode wijnsaus;36,000;5,64;203,12;keuken ingred.;8710847303319;;;;;;;;;;;
208758;SUNSEA BAR            W.I;2316653;pk;1;lt;Knorr professional demi-glace;2,000;4,95;9,90;keuken ingred.;8718114713090;;;;;;;;;;;
208758;SUNSEA BAR            W.I;2316661;fl;700;ml;Lucullus thai chilli sauce;21,000;1,35;28,35;keuken ingred.;;;;;;;;;;;;
208758;SUNSEA BAR            W.I;2316736;pk;1;lt;Garde d'or witte basissaus;27,000;5,65;152,55;keuken ingred.;8710847202315;;;;;;;;;;;
208758;SUNSEA BAR            W.I;2317627;fl;3;kg;Ballymaloe country relish;36,000;24,01;864,45;keuken ingred.;5099229000309;;;;;;;;;;;
208758;SUNSEA BAR            W.I;2318104;pt;845;gr;Maille ancienne grove mosterd;7,000;4,31;30,19;keuken ingred.;8722700711964;;;;;;;;;;;
208758;SUNSEA BAR            W.I;2319144;fl;520;ml;Kewpie Japanse mayonaise;72,000;4,01;289,04;keuken ingred.;8852511010076;;;;;;;;;;;
208758;SUNSEA BAR            W.I;2319376;fl;430;ml;Hellmann's mayo real FLES!!;31,000;2,13;66,03;keuken ingred.;8712100771750;;;;;;;;;;;
208758;SUNSEA BAR            W.I;2320050;pk;1;lt;Blue band professional fraiche;90,000;4,53;407,70;keuken ingred.;8719200056794;;;;;;;;;;;
208758;SUNSEA BAR            W.I;2324002;pt;720;ml;Kesbeke amsterdamse uien;5,000;1,98;9,90;keuken ingred.;8711271101137;;;;;;;;;;;
208758;SUNSEA BAR            W.I;2326298;bl;10;lt;Kesbeke augurken 70/80;5,000;11,97;59,84;keuken ingred.;8711271101533;;;;;;;;;;;
208758;SUNSEA BAR            W.I;2330140;zk;1;kg;Riso vignola risotto rijst;1,000;2,19;2,19;keuken ingred.;8002130201472;;;;;;;;;;;
208758;SUNSEA BAR            W.I;2330661;pt;2;kg;Al'fez pearl couscous;-4,000;9,59;-38,36;keuken ingred.;5034444114042;;;;;;;;;Ja;;
208758;SUNSEA BAR            W.I;2330679;pt;1500;gr;Al'fez moroccan spiced couscous;60,000;9,31;558,60;keuken ingred.;5034444114035;;;;;;;;;;;
208758;SUNSEA BAR            W.I;2331073;pk;454;gr;Arm & hammer baking soda;1,000;1,29;1,29;keuken ingred.;10033200011108;;;;;;;;;;;
208758;SUNSEA BAR            W.I;2332097;tr;10;pk;Rooij witte patentbloem 1kg;2,000;7,29;14,58;keuken ingred.;8717825211635;;;;;;;;;;;
208758;SUNSEA BAR            W.I;2332229;zk;750;gr;Zonnatura rietsuiker;5,000;2,04;10,20;keuken ingred.;8710863801998;;;;;;;;;;;
208758;SUNSEA BAR            W.I;2333136;zk;1;kg;Riso vignola arborio risoto rijst;36,000;3,67;132,12;keuken ingred.;8002130200888;;;;;;;;;;;
208758;SUNSEA BAR            W.I;2334077;zk;5;kg;Anco catering spaghetti;3,000;8,35;25,05;keuken ingred.;5410028096124;;;;;;;;;;;
208758;SUNSEA BAR            W.I;2334192;zk;5;kg;Barilla penne rigate nr.73;2,000;10,86;21,72;keuken ingred.;8076800035735;;;;;;;;;;;
208758;SUNSEA BAR            W.I;2334217;ds;3;kg;Honig tagliatelle met ei;2,000;16,89;33,78;keuken ingred.;8714700015265;;;;;;;;;;;
208758;SUNSEA BAR            W.I;2334366;pk;500;gr;Barilla lasagne all'uovo nr.199;8,000;2,58;20,64;keuken ingred.;8076800376999;;;;;;;;;;;
208758;SUNSEA BAR            W.I;2334457;zk;5;kg;Barilla spaghetti nr.5;4,000;9,80;39,19;keuken ingred.;8076800035056;;;;;;;;;;;
208758;SUNSEA BAR            W.I;2334481;pk;400;gr;Barilla penne rigate glutenvrij;1,000;2,14;2,14;keuken ingred.;8076809545457;;;;;;;;;;;
208758;SUNSEA BAR            W.I;2338194;bs;900;gr;Oetker slagroomversteviger;10,000;7,98;79,80;keuken ingred.;9008200049011;;;;;;;;;;;
208758;SUNSEA BAR            W.I;2338334;pk;450;gr;Quaker havermout granola;1,000;2,59;2,59;keuken ingred.;8710398503183;;;;;;;;;;;
208758;SUNSEA BAR            W.I;2340602;bk;1;kg;!PF Cannelloni ricotta/spinazie;5,000;16,25;81,25;keuken ingred.;8718868985774;;;;;;;;;;;
208758;SUNSEA BAR            W.I;2350205;cn;10;lt;Kuhne natuurazijn blank;1,000;5,32;5,32;keuken ingred.;4012200010532;;;;;;;;;;;
208758;SUNSEA BAR            W.I;2350221;fl;500;ml;Otafuka sushi azijn japans;24,000;3,52;84,48;keuken ingred.;4970077151478;;;;;;;;;;;
208758;SUNSEA BAR            W.I;2350510;em;10;kg;Kuhne franse mosterd;22,000;15,30;336,60;keuken ingred.;4012200026021;;;;;;;;;;;
208758;SUNSEA BAR            W.I;2350528;em;5;kg;Kuhne franse mosterd;4,000;9,36;37,44;keuken ingred.;4012200260609;;;;;;;;;;;
208758;SUNSEA BAR            W.I;2350726;fl;1;lt;Olivier witte wijnazijn;4,000;3,61;14,43;keuken ingred.;3330147000340;;;;;;;;;;;
208758;SUNSEA BAR            W.I;2510891;fl;3;lt;Delizio zonnebloemolie;90,000;6,05;544,50;keuken ingred.;5425014700428;;;;;;;;;;;
208758;SUNSEA BAR            W.I;2512152;pc;5;lt;Sabroso olijfolie pure;15,000;29,53;442,95;keuken ingred.;8719033201651;;;;;;;;;;;
208758;SUNSEA BAR            W.I;2512160;pc;5;lt;Sabroso olijfolie pomace;10,000;18,17;181,70;keuken ingred.;8719033201699;;;;;;;;;;;
208758;SUNSEA BAR            W.I;2512574;pt;500;ml;Nutco coconut oil (kokosolie);3,000;3,41;10,23;keuken ingred.;8710161007207;;;;;;;;;;;
208758;SUNSEA BAR            W.I;2513134;ds;15;lt;Vhc/Prima prem.gold frit.olie bib;112,000;23,37;2617,44;keuken ingred.;8719033203464;;;;;;;;;;;
208758;SUNSEA BAR            W.I;2700260;tr;6;pk;Lu bastogne koeken 260gr;9,000;12,16;109,44;keuken ingred.;7622210993663;;;;;;;;;;;
208758;SUNSEA BAR            W.I;2731025;bk;900;gr;Van wijck hazelnoten wit;1,000;26,83;26,83;keuken ingred.;8717278592183;;;;;;;;;;;
208758;SUNSEA BAR            W.I;2731033;bk;950;gr;Van wijck cashewnoten zout gebr.;6,000;20,16;120,98;keuken ingred.;8717278592206;;;;;;;;;;;
208758;SUNSEA BAR            W.I;2731041;bk;1000;gr;Van wijck amandelen wit;1,000;21,22;21,22;keuken ingred.;8717278592541;;;;;;;;;;;
208758;SUNSEA BAR            W.I;2731059;bk;950;gr;Van wijck cashewnoten ongezouten;1,000;19,77;19,77;keuken ingred.;8717278592220;;;;;;;;;;;
208758;SUNSEA BAR            W.I;2731075;bk;1000;gr;Van wijck gezouten parelpinda's;4,000;5,55;22,20;keuken ingred.;8717278592367;;;;;;;;;;;
208758;SUNSEA BAR            W.I;2731108;bk;850;gr;Van wijck notenmelange z.pinda;3,000;15,98;47,94;keuken ingred.;8717278592480;;;;;;;;;;;
208758;SUNSEA BAR            W.I;2731116;bk;650;gr;Van wijck gepelde pecannoten;3,000;20,35;61,05;keuken ingred.;8717278592688;;;;;;;;;;;
208758;SUNSEA BAR            W.I;2731124;bk;800;gr;Van wijck katjang pedis;4,000;5,60;22,38;keuken ingred.;8717278592169;;;;;;;;;;;
208758;SUNSEA BAR            W.I;2731140;bk;1000;gr;Van wijck pepita's (pompoenpit);1,000;9,84;9,84;keuken ingred.;8717278592404;;;;;;;;;;;
208758;SUNSEA BAR            W.I;2731348;bk;900;gr;Van wijck zonnebloempitten;1,000;4,02;4,02;keuken ingred.;8717278592602;;;;;;;;;;;
208758;SUNSEA BAR            W.I;2731546;bk;1000;gr;Van wijck amandelen gerookt;2,000;17,12;34,24;keuken ingred.;8717278593012;;;;;;;;;;;
208758;SUNSEA BAR            W.I;2731629;em;2500;gr;Geroosterde kokosvlokken;1,000;17,27;17,27;keuken ingred.;8719033205116;;;;;;;;;;;
208758;SUNSEA BAR            W.I;2731695;bk;1000;gr;Van wijck walnoten stukjes;2,000;17,74;35,48;keuken ingred.;8717278599939;;;;;;;;;;;
208758;SUNSEA BAR            W.I;2731778;bk;1000;gr;Van wijck haver vlokken;4,000;3,29;13,16;keuken ingred.;8719033200715;;;;;;;;;;;
208758;SUNSEA BAR            W.I;2736017;bk;400;gr;Horizon pompoenpitten NL-BIO-01;1,000;4,70;4,70;keuken ingred.;8712439066312;Ja;;;;;;;;;;
208758;SUNSEA BAR            W.I;2770239;ds;20;zk;Lay's chips naturel 40gr;2,000;10,38;20,76;overig laag;8710398307576;;;;;;;;;;;
208758;SUNSEA BAR            W.I;2770271;ds;20;zk;Lay's oven chips naturel 35gr;;;;overig laag;8710398161925;;;;;;;;;;;
208758;SUNSEA BAR            W.I;2780676;ds;10;st;Peijnenburg ontbijtkoek 350gr;1,000;16,91;16,91;overig laag;;;;;;;;;;;;
208758;SUNSEA BAR            W.I;2781103;ds;12;zk;Corny tortilla chips naturel 450g;38,000;19,75;750,34;keuken ingred.;8714298611108;;;;;;;;;;;
208758;SUNSEA BAR            W.I;2781327;pk;500;gr;Veer roggebrood fries 500gr;28,000;0,91;25,48;overig laag;8710649000683;;;;;;;;;;;
208758;SUNSEA BAR            W.I;2781450;ds;60;st;Pidy meringues rond 6,5cm 8gr;28,000;13,50;378,12;overig laag;20176495639;;;;;;;;;;;
208758;SUNSEA BAR            W.I;2781608;pk;6;st;Santa m. wraptortilla 10inch 371g;2,000;2,47;4,94;overig laag;7311310312879;;;;;;;;;;;
208758;SUNSEA BAR            W.I;2781880;pk;18;st;Verstegen wraps 25cm 68,9gr;1,000;6,41;6,41;keuken ingred.;8712200475060;;;;;;;;;;;
208758;SUNSEA BAR            W.I;2782119;ds;12;zk;Santa m.tortilla chip salted 475g;1,000;30,28;30,28;overig laag;17311310032101;;;;;;;;;;;
208758;SUNSEA BAR            W.I;2790485;ds;11;pk;Gulden krakeling kletskoppen 175g;2,000;12,59;25,18;Bonensappen;8710565700629;;;;;;;;;;;
208758;SUNSEA BAR            W.I;2790914;ds;20;st;Oreo cookies 66gr;15,000;15,37;230,52;keuken ingred.;7622210662286;;;;;;;;;;;
208758;SUNSEA BAR            W.I;3030062;ds;4;lt;Lavazza lattiz concentraat;98,000;25,57;2506,04;Bonensappen;;;;;;;;;;;;
208758;SUNSEA BAR            W.I;3130672;bk;500;gr;Coolbreak marsh mallows mini;2,000;5,70;11,40;overig laag;8717624064401;;;;;;;;;;;
208758;SUNSEA BAR            W.I;3320116;ds;24;st;Laan kaaskroket 60gr.;1,000;11,74;11,74;keuken ingred.;8712512110253;;;;;;;;;;;
208758;SUNSEA BAR            W.I;3730711;zk;;kg;Kipdij blokje 2x2cm pkg;3,040;8,10;24,62;vlees;2237307110004;;;;;;;;;;;
208758;SUNSEA BAR            W.I;3731941;zk;;kg;Kipvleugel 2e lid plat stukje pkg;8,485;4,90;41,58;vlees;2303140000000;;;;;;;;;;;
208758;SUNSEA BAR            W.I;3771137;ds;20;st;Schnitzel gepaneerd (dv) 160g;3,000;31,80;95,40;keuken ingred.;2237711370001;;;;;;;;;;;
208758;SUNSEA BAR            W.I;3922045;ds;40;st;Freshburger 100% irish beef 180g;4,000;77,45;309,80;vlees;;;;;;;;;;;;
208758;SUNSEA BAR            W.I;4220042;em;30;st;Chefsegg gekookt gepeld M 43,5gr;79,000;8,72;689,21;keuken ingred.;8719033205857;;;;;;;;;;;
208758;SUNSEA BAR            W.I;4220141;ds;90;st;Chefsegg eieren bruin L 90st sch;13,000;16,99;220,87;keuken ingred.;;;;;;;;;;;;
208758;SUNSEA BAR            W.I;4220290;ds;90;st;Chefsegg eieren br.L GEKOELD sch;31,000;17,36;538,13;keuken ingred.;8719033204409;;;;;;;;;;;
208758;SUNSEA BAR            W.I;4221040;fl;1;kg;Danaeg heelei;14,000;5,73;80,22;keuken ingred.;5709176181319;;;;;;;;;;;
208758;SUNSEA BAR            W.I;4221058;fl;1;lt;Danaeg eigeel;30,000;10,33;309,90;keuken ingred.;5709176182392;;;;;;;;;;;
208758;SUNSEA BAR            W.I;4221074;fl;1;lt;Danaeg eiwit;4,000;4,42;17,68;keuken ingred.;5709176183399;;;;;;;;;;;
208758;SUNSEA BAR            W.I;4300109;fl;1;lt;Debic basis voor chocolade mousse;36,000;5,57;200,52;overig laag;5410488061014;;;;;;;;;;;
208758;SUNSEA BAR            W.I;4300125;fl;1;lt;Debic kookroom 20% original;124,000;3,19;395,80;keuken ingred.;5410488822141;;;;;;;;;;;
208758;SUNSEA BAR            W.I;4300216;bk;1;lt;Montebourg creme fraiche;2,000;6,49;12,98;overig laag;3265776105008;;;;;;;;;;;
208758;SUNSEA BAR            W.I;4300224;fl;1;lt;Debic panna cotta;47,000;6,08;285,87;keuken ingred.;5410488140337;;;;;;;;;;;
208758;SUNSEA BAR            W.I;4300240;fl;1;lt;Elle & vire creme brulee 1lt;2,000;7,21;14,42;overig laag;3451790978401;;;;;;;;;;;
208758;SUNSEA BAR            W.I;4300258;fl;1;lt;Debic creme brulee bourbon;113,000;5,88;664,48;keuken ingred.;5410488140139;;;;;;;;;;;
208758;SUNSEA BAR            W.I;4300604;pk;1;lt;Campina room culinair;19,000;3,25;61,75;overig laag;8715300508171;;;;;;;;;;;
208758;SUNSEA BAR            W.I;4301115;pt;1;kg;Bresc knoflookpuree vers;13,000;7,05;91,65;keuken ingred.;8712698510120;;;;;;;;;;;
208758;SUNSEA BAR            W.I;4311354;st;1;st;Botter boerenachterham ca.2,5kg;151,810;8,07;1225,54;keuken ingred.;8716653070018;;;;;;;;;;;
208758;SUNSEA BAR            W.I;4313722;st;250;gr;B&L Rookworst rond varken;16,000;3,80;60,80;vlees;;;;;;;;;;;;
208758;SUNSEA BAR            W.I;4320131;st;1;st;Vergeer hotelblok j.belegen p.kg;7,400;11,94;88,36;keuken ingred.;2855280000008;;;;;;;;;;;
208758;SUNSEA BAR            W.I;4323193;st;1;st;Grana padano 1/16 per kg;129,092;14,59;1883,88;keuken ingred.;2216044;;;;;;;;;;;
208758;SUNSEA BAR            W.I;4330122;bk;1;kg;W.weijde verse roomkaas naturel;1,000;7,69;7,69;keuken ingred.;8719033200234;;;;;;;;;;;
208758;SUNSEA BAR            W.I;4330164;ds;5;kg;Roomboter ongezouten blok 5kg;16,000;38,81;620,96;keuken ingred.;;;;;;;;;;;;
208758;SUNSEA BAR            W.I;4330172;ds;5;kg;Campina roomboter kluit    905455;45,000;38,54;1734,13;keuken ingred.;8715300106049;;;;;;;;;;;
208758;SUNSEA BAR            W.I;4330180;fl;750;ml;Campina koksgoud vloeibaar;4,000;3,83;15,32;keuken ingred.;8713300122984;;;;;;;;;;;
208758;SUNSEA BAR            W.I;4330213;zk;1;kg;Tebben belegen geraspt;5,000;7,55;37,75;keuken ingred.;8716215005991;;;;;;;;;;;
208758;SUNSEA BAR            W.I;4330528;ds;200;cp;Hotelbotercups echte boter 10gr;4,000;18,79;75,15;keuken ingred.;8712092456789;;;;;;;;;;;
208758;SUNSEA BAR            W.I;4330718;zk;2;kg;Tebben mozzarella diced 40+ 5x5mm;2,000;13,41;26,82;keuken ingred.;8716215006790;;;;;;;;;;;
208758;SUNSEA BAR            W.I;4330768;em;10;st;Bulba buffelmozzarel. 10x125g bol;1,000;17,26;17,26;keuken ingred.;8716215006493;;;;;;;;;;;
208758;SUNSEA BAR            W.I;4331047;rl;180;gr;Geitenkaas (chevre) melusine 180g;20,000;2,29;45,80;keuken ingred.;3274060053604;;;;;;;;;;;
208758;SUNSEA BAR            W.I;4331211;zk;1;kg;Soresina grated grana padano;29,000;12,82;371,77;keuken ingred.;8004673110150;;;;;;;;;;;
208758;SUNSEA BAR            W.I;4331500;pk;500;gr;Smoky mountain real irish cheddar;10,000;5,68;56,78;keuken ingred.;4260135611304;;;;;;;;;;;
208758;SUNSEA BAR            W.I;4331948;pk;1;kg;Old amsterdam gesneden 50 plakken;3,000;19,21;57,63;keuken ingred.;8710243955563;;;;;;;;;;;
208758;SUNSEA BAR            W.I;4332003;pk;88;pl;Cheddar plakken 12,3gr;7,000;8,37;58,59;keuken ingred.;4015564003349;;;;;;;;;;;
208758;SUNSEA BAR            W.I;4333407;rl;280;gr;!SAINT MAURE CAPRIFUEILL PER STUK;7,000;7,98;55,86;keuken ingred.;;;;;;;;;;;;
208758;SUNSEA BAR            W.I;4334025;st;1;st;Beemster carron belegen 1/4 p.kg;187,025;9,29;1737,53;keuken ingred.;8712243051559;;;;;;;;;;Ja;
208758;SUNSEA BAR            W.I;4342458;pk;200;gr;Feta grieks mevgal;137,000;2,56;350,58;keuken ingred.;5201083340167;;;;;;;;;;;
208758;SUNSEA BAR            W.I;4372174;bk;2;kg;Maza falafel VGN/HL/K;33,000;10,92;360,30;keuken ingred.;8714779000421;;;;;;;;;Ja;;Ja
208758;SUNSEA BAR            W.I;4372257;em;1500;gr;Maza hoemoes kikkererwten pasta;109,000;7,45;811,69;keuken ingred.;8714779001206;;;;;;;;;;;
208758;SUNSEA BAR            W.I;4390605;st;1;kg;Feta grieks blok mevgal;1,000;14,13;14,13;keuken ingred.;8717389348259;;;;;;;;;;;
208758;SUNSEA BAR            W.I;4505080;bl;10;kg;Roseval aardappels per baal;2,000;12,95;25,90;AGF;;;;;Ja;;;;;;;
208758;SUNSEA BAR            W.I;4505163;zk;2;kg;Peka Aardappelgratin;3,000;5,25;15,75;keuken ingred.;8711118008605;;;;Ja;;;;;;;
208758;SUNSEA BAR            W.I;4510013;;;;Groente/fruit los artikel laag;1,000;28,95;28,95;AGF;;;;;Ja;;;;;;;
208758;SUNSEA BAR            W.I;4510089;kg;1;st;Aubergine per stuk/kg;0,960;2,15;2,06;AGF;;;;;Ja;;;;;;;
208758;SUNSEA BAR            W.I;4510112;ks;1;ks;Basilicum per KIST;1,000;15,95;15,95;AGF;;;;;Ja;;;;;;;
208758;SUNSEA BAR            W.I;4510261;st;1;st;Courgette per stuk;4,000;0,80;3,20;AGF;;;;;Ja;;;;;;;
208758;SUNSEA BAR            W.I;4510336;ds;12;st;Komkommer <12> per doos;1,000;13,50;13,50;AGF;;;;;Ja;;;;;;;
208758;SUNSEA BAR            W.I;4510584;kg;1;kg;Paprika groen hollands per KILO;0,990;2,10;2,08;AGF;;;;;Ja;;;;;;;
208758;SUNSEA BAR            W.I;4510592;kg;1;kg;Paprika rood hollands per KILO;1,300;2,35;3,06;AGF;;;;;Ja;;;;;;;
208758;SUNSEA BAR            W.I;4511144;kg;1;kg;Uien rood per kg;5,000;1,00;5,00;AGF;;;;;Ja;;;;;;;
208758;SUNSEA BAR            W.I;4513182;st;1;st;Sla frisee per stuk;6,000;2,18;13,10;AGF;;;;;Ja;;;;;;;
208758;SUNSEA BAR            W.I;4513299;st;1;st;Lollo biondo per stuk;3,000;1,35;4,05;AGF;;;;;Ja;;;;;;;
208758;SUNSEA BAR            W.I;4513330;st;1;st;Lollo rosso per stuk;3,000;1,45;4,35;AGF;;;;;Ja;;;;;;;
208758;SUNSEA BAR            W.I;4513356;bk;125;gr;Rucola per bakje;23,000;1,10;25,30;AGF;;;;;Ja;;;;;;;
208758;SUNSEA BAR            W.I;4513504;st;1;st;Sla ijsberg per stuk;2,000;0,95;1,90;AGF;;;;;Ja;;;;;;;
208758;SUNSEA BAR            W.I;4513512;pk;4;st;Little gem per pakje;6,000;2,45;14,70;AGF;;;;;Ja;;;;;;;
208758;SUNSEA BAR            W.I;4514057;bk;1;bk;Physalis per bakje;5,000;1,90;9,50;AGF;;;;;Ja;;;;;;;
208758;SUNSEA BAR            W.I;4514114;kg;1;kg;Zeekraal per kg;4,000;12,95;51,80;AGF;;;;;Ja;;;;;;;
208758;SUNSEA BAR            W.I;4515021;st;1;st;Bloemkool per stuk;2,000;1,35;2,70;AGF;;;;;Ja;;;;;;;
208758;SUNSEA BAR            W.I;4515451;em;1;em;Atjar GROF per WITTE EMMER;31,000;15,86;491,75;AGF;;;;;Ja;;;;;;;
208758;SUNSEA BAR            W.I;4515485;em;10;lt;Atjar speciaal vers <10ltr>;1,000;16,95;16,95;AGF;;;;;Ja;;;;;;;
208758;SUNSEA BAR            W.I;4516095;bk;500;gr;Aardbeien HOLLAND per bakje;9,000;4,94;44,45;AGF;;;;;Ja;;;;;;;
208758;SUNSEA BAR            W.I;4516102;bk;1;bk;Bramen per bakje;10,000;1,95;19,50;AGF;;;;;Ja;;;;;;;
208758;SUNSEA BAR            W.I;4516136;bk;1;bk;Frambozen per bakje;10,000;1,85;18,50;AGF;;;;;Ja;;;;;;;
208758;SUNSEA BAR            W.I;4516483;ds;1;ds;Citroenen per DOOS;1,000;25,95;25,95;AGF;;;;;Ja;;;;;;;
208758;SUNSEA BAR            W.I;4516699;ds;1;ds;Limoenen per DOOS;1,000;6,40;6,40;AGF;;;;;Ja;;;;;;;
208758;SUNSEA BAR            W.I;4516756;st;1;st;Meloen galia per stuk;5,000;3,05;15,25;AGF;;;;;Ja;;;;;;;
208758;SUNSEA BAR            W.I;4519057;ks;1;ks;Champignons multikrat;1,000;6,70;6,70;AGF;;;;;Ja;;;;;;;
208758;SUNSEA BAR            W.I;4528561;kg;1;kg;Paprika GEEL BLOK 10x10 per kg;1,000;6,50;6,50;AGF;;;;;Ja;;;;;;;
208758;SUNSEA BAR            W.I;4530342;kg;1;pk;Banaanblad ROND per pak/kg;1,540;20,97;32,29;AGF;;;;;Ja;;;;;;;
208758;SUNSEA BAR            W.I;4530516;ds;15;st;Little gem 15x4 per doos;2,000;27,50;55,00;AGF;;;;;Ja;;;;;;;
208758;SUNSEA BAR            W.I;4534295;kg;1;kg;Bieten Chioggia per kg;1,120;1,85;2,07;AGF;;;;;Ja;;;;;;;
208758;SUNSEA BAR            W.I;4590172;kg;1;kg;Winterwortel blok 10 x 10 per kg;2,000;2,95;5,90;AGF;;;;;Ja;;;;;;;
208758;SUNSEA BAR            W.I;4590841;ds;10;kg;Quickly steakhouse frites per/ds;4,000;11,75;47,00;AGF;;;;;Ja;;;;;;;
208758;SUNSEA BAR            W.I;4600509;ds;24;st;Beetroot butcher burger 135gr VGN;28,000;45,59;1276,61;keuken ingred.;5016236026252;;;;;;;;;Ja;;Ja
208758;SUNSEA BAR            W.I;4610326;ds;40;st;Beckers frikandel original 85gr;1,000;16,65;16,65;keuken ingred.;8710555011117;;;;;;;;;;;
208758;SUNSEA BAR            W.I;4610772;ds;60;st;Topking mini kaastengels oud 15g;139,000;17,59;2445,28;keuken ingred.;8711103501012;;;;;;;;;;;
208758;SUNSEA BAR            W.I;4612661;ds;48;st;Bakx fw hamburger favourite 150g;;;;keuken ingred.;;;;;;;;;;;;
208758;SUNSEA BAR            W.I;4614823;ds;45;st;Duca mini loempia's 20gr;89,000;5,26;468,31;keuken ingred.;8717774020098;;;;;;;;;;;
208758;SUNSEA BAR            W.I;4614930;ds;60;st;Duca kipfilet nuggets deluxe 25g;5,000;10,63;53,15;keuken ingred.;8717774020357;;;;;;;;;;;
208758;SUNSEA BAR            W.I;4615764;ds;72;st;Liesh. mini frikandel 20gr;4,000;10,28;41,12;keuken ingred.;8710861020162;;;;;;;;;;;
208758;SUNSEA BAR            W.I;4615798;ds;50;st;Buith.borrel frikandel 20gr.;89,000;7,37;655,57;keuken ingred.;8711184050096;;;;;;;;;;;
208758;SUNSEA BAR            W.I;4616358;bk;500;gr;Ladessa filet american naturel;23,000;5,23;120,22;keuken ingred.;8715984000305;;;;;;;;;;;
208758;SUNSEA BAR            W.I;4620234;ds;18;st;Vhc stokbrood wit 440gr. 1015N;1,000;12,98;12,98;brood;8717278594613;;;;;;;;;;;
208758;SUNSEA BAR            W.I;4620333;ds;40;st;Chaup.croissant vgr.room.80g4115N;1,000;23,21;23,21;brood;8717278593555;;;;;;;;;;;
208758;SUNSEA BAR            W.I;4620416;ds;1160;gr;Chaup.cheesecake new york12p10208;242,000;11,25;2722,41;keuken ingred.;8717278597393;;;;;;;;;;;
208758;SUNSEA BAR            W.I;4621597;ds;32;st;Chaup.croissants vgb 80gr   4125N;1,000;20,71;20,71;brood;8717278593852;;;;;;;;;;;
208758;SUNSEA BAR            W.I;4622149;ds;24;st;Chaup.muffin tulp d.choc115gr6046;4,000;22,90;91,60;brood;8717278596914;;;;;;;;;;;
208758;SUNSEA BAR            W.I;4623642;ds;18;st;Chaup.moulleux au choco.90g 10636;10,000;17,55;175,50;brood;8717278597560;;;;;;;;;;;
208758;SUNSEA BAR            W.I;4624525;ds;36;st;Chaup.broodplak brn 70g GLV 4891;9,000;18,66;167,93;brood;8717278598055;;;;;;;;;;;
208758;SUNSEA BAR            W.I;4624674;ds;10;st;Chaup.tiramisu mono 120gr  10134;1,000;19,54;19,54;brood;8719033202344;;;;;;;;;;;
208758;SUNSEA BAR            W.I;4625127;ds;48;st;Chaup. brownie 60gr  10142;6,000;29,29;175,74;brood;8719033205444;;;;;;;;;;;
208758;SUNSEA BAR            W.I;4630069;ds;40;st;Prima frikandel rd 85gr extra;4,000;7,73;30,92;keuken ingred.;8719033204256;;;;;;;;;;;
208758;SUNSEA BAR            W.I;4630142;ds;28;st;Holtkamp mini groente croquet 40g;1,000;12,77;12,77;keuken ingred.;8718182300932;;;;;;;;;;;
208758;SUNSEA BAR            W.I;4630176;ds;18;st;Holtkamp draadjes rundcroquet85gr;198,000;14,48;2867,67;keuken ingred.;8718182300307;;;;;;;;;;;
208758;SUNSEA BAR            W.I;4630184;ds;18;st;Holtkamp kalfscroquet 85gr;1,000;17,62;17,62;keuken ingred.;8718182300475;;;;;;;;;;;
208758;SUNSEA BAR            W.I;4630241;ds;42;st;Holtkamp draadjes bitterbal 30g;290,000;12,82;3717,04;keuken ingred.;8718182300338;;;;;;;;;;;
208758;SUNSEA BAR            W.I;4630522;ds;28;st;Holtkamp mini oudekaascroquet 40g;1,000;18,72;18,72;keuken ingred.;8718182300413;;;;;;;;;;;
208758;SUNSEA BAR            W.I;4631009;ds;40;st;Laan kaassouffle rechthoek 65gr;1,000;21,10;21,10;keuken ingred.;8712512660000;;;;;;;;;;;
208758;SUNSEA BAR            W.I;4631869;ds;24;po;Veldt poffertjes porties 130gr;13,000;17,22;223,82;keuken ingred.;8712676006263;;;;;;;;;;;
208758;SUNSEA BAR            W.I;4631926;ds;40;st;Veldt suikerwafel big 100gr.;1,000;18,22;18,22;keuken ingred.;8712676011434;;;;;;;;;;;
208758;SUNSEA BAR            W.I;4632354;ds;4;zk;Edamame gep.sojabonen muki 2,5kg;3,000;51,17;153,51;keuken ingred.;8717545893234;;;;;;;;;;;
208758;SUNSEA BAR            W.I;4632966;ds;30;st;Hekos butterfly torpedo mix 17gr;4,000;11,78;47,12;keuken ingred.;8711654002334;;;;;;;;;;;
208758;SUNSEA BAR            W.I;4633253;ds;40;st;Hekos thai sateh 25gr;8,000;14,74;117,92;keuken ingred.;8711654002525;;;;;;;;;;;
208758;SUNSEA BAR            W.I;4635027;ds;36;st;B&B muffin chocolate deluxe115g;1,000;33,42;33,42;keuken ingred.;5413321233555;;;;;;;;;;;
208758;SUNSEA BAR            W.I;4635217;ds;72;st;B&B mini muffin chocolade 30g;1,000;26,33;26,33;keuken ingred.;5413321232596;;;;;;;;;;;
208758;SUNSEA BAR            W.I;4640399;ds;8;kg;Sojabonen(edamame)gepeld 10x800gr;8,000;34,68;277,46;keuken ingred.;8717545894033;;;;;;;;;;;
208758;SUNSEA BAR            W.I;4644705;zk;2500;gr;Fruit life aardbeien 2,5kg;4,000;12,28;49,12;keuken ingred.;8716055000002;;;;;;;;;;;
208758;SUNSEA BAR            W.I;4644755;zk;2500;gr;Fruit life mangoblokjes 2,5kg;12,000;13,34;160,12;keuken ingred.;8716055010179;;;;;;;;;;;
208758;SUNSEA BAR            W.I;4650752;ds;25;st;Glutenvrij bolletje 60gr;2,000;14,02;28,04;brood;8717496861870;;;;;;;;;;;
208758;SUNSEA BAR            W.I;4650968;ds;48;st;Beetroot brioche bun 70gr;12,000;28,27;339,24;brood;8719327071106;;;;;;;;;;;
208758;SUNSEA BAR            W.I;4651362;ds;45;st;Glazed brioche bun 4,5 75gr;51,000;31,57;1610,07;brood;8719327071250;;;;;;;;;;;
208758;SUNSEA BAR            W.I;4651370;ds;45;st;Glazed roasted sesame bun 70gr;-3,000;29,41;-88,23;brood;8719327071267;;;;;;;;;;;
208758;SUNSEA BAR            W.I;4656495;bk;1;kg;PF Cannelloni ricotta/spinazie;5,000;14,68;73,40;brood;8718868985699;;;;;;;;;;;
208758;SUNSEA BAR            W.I;4670007;ds;8;st;Alcap.pizza margherita 29cm 510gr;2,000;24,05;48,10;keuken ingred.;5420001087957;;;;;;;;;;;
208758;SUNSEA BAR            W.I;4806066;ds;54;st;Ola raket impuls 55ml;6,000;28,22;169,29;keuken ingred.;8000920701416;;;;;;;;;;;
208758;SUNSEA BAR            W.I;4806074;ds;45;st;Ola festini peer impuls 50ml;6,000;15,19;91,14;keuken ingred.;8710447532713;;;;;;;;;;;
208758;SUNSEA BAR            W.I;4850211;ds;9;st;Tiramisu eenpersoons 110gr;1,000;18,51;18,51;keuken ingred.;8007657054822;;;;;;;;;;;
208758;SUNSEA BAR            W.I;5319836;kf;2;st;Slagersrollen 30x24cm;31,000;6,70;207,70;kleine aansch.;8714771001389;;;;;;;;;;;
208758;SUNSEA BAR            W.I;5327904;ds;1000;st;Depa polyzakjes 11.5x18cm;2,000;9,95;19,90;verbruiks art.;8710653579632;;;;;;;;;;;
208758;SUNSEA BAR            W.I;5328077;pk;100;st;Bema vacuumzak 30x40cm;4,000;15,69;62,76;kleine aansch.;8713242451159;;;;;;;;;;;
208758;SUNSEA BAR            W.I;5328316;pk;100;st;Bema vacuumzak 15x25cm;3,000;4,26;12,78;verbruiks art.;8713242451234;;;;;;;;;;;
208758;SUNSEA BAR            W.I;5328324;pk;100;st;Bema vacuumzak 25x30cm;5,000;8,35;41,75;verbruiks art.;8713242451364;;;;;;;;;;;
208758;SUNSEA BAR            W.I;5328340;pk;100;st;Bema vacuumzak 20x30cm;6,000;6,85;41,10;verbruiks art.;8713242451272;;;;;;;;;;;
208758;SUNSEA BAR            W.I;5370614;rl;100;st;Depa spuitzak comfortgreen59x28cm;6,000;24,05;144,30;kleine aansch.;8717249540229;;;;;;;;;;;
208758;SUNSEA BAR            W.I;5371589;ds;12;st;Blaze brandpasta type bb100 200gr;2,000;11,88;23,76;Bbq toebehoren;8711369193327;;;;;;;;;;;
208758;SUNSEA BAR            W.I;5371597;ds;24;st;Hendi brandpasta ethanol 200gr;2,000;14,95;29,90;Bbq toebehoren;8711369194300;;;;;;;;;;;
208758;SUNSEA BAR            W.I;5374723;ds;250;st;Sier prikker bamboe de luxe 12cm;1,000;3,45;3,45;verbruiks art.;8718226760111;;;;;;;;;;;
208758;SUNSEA BAR            W.I;5374765;ds;250;st;Sier prikker bamboe deluxe 18cm;2,000;3,95;7,90;verbruiks art.;8718226760135;;;;;;;;;;;
208758;SUNSEA BAR            W.I;5395969;ds;100;st;Sanaplast blauwe pleisters 18x2cm;1,000;10,65;10,65;kleine aansch.;8712175932490;;;;;;;;;;;
208758;SUNSEA BAR            W.I;5427100;ds;1;st;Cutterbox plastic folie 30cmx300m;15,000;6,42;96,30;kleine aansch.;8714771000313;;;;;;;;;;;
208758;SUNSEA BAR            W.I;5428877;pk;100;st;Chopsticks eetstokjes 21cm bamboo;18,000;4,40;79,16;verbruiks art.;;;;;;;;;;;;
208758;SUNSEA BAR            W.I;5499993;;;;Los artikel hoog;240,000;3,96;949,20;overig hoog;;;;;;;;;;;;